,title,gross_worldwide
0,Avengers: Endgame,"$2,797,800,564"
1,Avatar,"$2,790,439,000"
2,Titanic,"$2,195,169,696"
3,Star Wars: Episode VII - The Force Awakens,"$2,068,223,624"
4,Avengers: Infinity War,"$2,048,359,754"
5,The Lion King,"$1,752,378,802"
6,Jurassic World,"$1,670,400,637"
7,The Avengers,"$1,518,812,988"
8,Furious 7,"$1,515,048,151"
9,Frozen II,"$1,450,026,933"
10,Avengers: Age of Ultron,"$1,402,808,753"
11,Harry Potter and the Deathly Hallows: Part 2,"$1,386,206,970"
12,Black Panther,"$1,348,744,095"
13,Star Wars: Episode VIII - The Last Jedi,"$1,332,539,889"
14,Jurassic World: Fallen Kingdom,"$1,308,467,944"
15,Frozen,"$1,280,803,353"
16,Beauty and the Beast,"$1,263,541,116"
17,The Incredibles 2,"$1,242,805,359"
18,The Fate of the Furious,"$1,236,005,118"
19,Iron Man 3,"$1,214,811,252"
20,Minions,"$1,159,428,508"
21,Captain America: Civil War,"$1,153,312,277"
22,Aquaman,"$1,148,485,886"
23,The Lord of the Rings: The Return of the King,"$1,142,271,098"
24,Spider-Man: Far from Home,"$1,131,927,996"
25,Captain Marvel,"$1,128,275,971"
26,Transformers: Dark of the Moon,"$1,123,794,079"
27,Skyfall,"$1,108,561,013"
28,Transformers: Age of Extinction,"$1,104,054,072"
29,The Dark Knight Rises,"$1,081,124,605"
30,Joker,"$1,074,251,311"
31,Star Wars: The Rise of Skywalker,"$1,074,144,248"
32,Toy Story 4,"$1,073,394,593"
33,Toy Story 3,"$1,066,969,703"
34,Pirates of the Caribbean: Dead Man's Chest,"$1,066,179,725"
35,Rogue One: A Star Wars Story,"$1,056,057,273"
36,Aladdin,"$1,050,693,953"
37,Pirates of the Caribbean: On Stranger Tides,"$1,045,713,802"
38,The Dark Knight,"$1,038,046,191"
39,Despicable Me 3,"$1,034,799,409"
40,Jurassic Park,"$1,033,032,454"
41,Finding Dory,"$1,028,570,889"
42,Star Wars: Episode I - The Phantom Menace,"$1,027,082,707"
43,Alice in Wonderland,"$1,025,467,110"
44,Zootopia,"$1,023,784,195"
45,The Hobbit: An Unexpected Journey,"$1,017,003,568"
46,Harry Potter and the Sorcerer's Stone,"$984,210,546"
47,Harry Potter and the Deathly Hallows: Part 1,"$976,941,486"
48,Despicable Me 2,"$970,766,005"
49,The Lion King,"$968,511,805"
50,The Jungle Book,"$966,552,003"
51,Finding Nemo,"$962,859,504"
52,Jumanji: Welcome to the Jungle,"$962,102,237"
53,Pirates of the Caribbean: At World's End,"$960,996,492"
54,The Hobbit: The Desolation of Smaug,"$958,366,855"
55,The Hobbit: The Battle of the Five Armies,"$956,019,788"
56,The Lord of the Rings: The Two Towers,"$951,227,416"
57,Harry Potter and the Order of the Phoenix,"$942,900,866"
58,Harry Potter and the Half-Blood Prince,"$934,391,404"
59,Shrek 2,"$928,760,770"
60,Bohemian Rhapsody,"$903,694,634"
61,Harry Potter and the Goblet of Fire,"$896,374,191"
62,Spider-Man 3,"$894,983,373"
63,The Lord of the Rings: The Fellowship of the Ring,"$887,933,911"
64,Ice Age: Dawn of the Dinosaurs,"$886,686,817"
65,Spectre,"$880,674,609"
66,Harry Potter and the Chamber of Secrets,"$880,295,582"
67,Spider-Man: Homecoming,"$880,166,924"
68,Ice Age: Continental Drift,"$877,244,782"
69,The Secret Life of Pets,"$875,457,937"
70,Batman v Superman: Dawn of Justice,"$873,637,528"
71,Wolf Warrior 2,"$870,325,439"
72,Star Wars: Episode III - Revenge of the Sith,"$868,390,560"
73,The Hunger Games: Catching Fire,"$865,011,746"
74,Guardians of the Galaxy Vol. 2,"$863,756,051"
75,Inside Out,"$857,951,174"
76,Venom,"$856,085,151"
77,Thor: Ragnarok,"$853,977,552"
78,Transformers: Revenge of the Fallen,"$836,303,693"
79,Inception,"$829,925,498"
80,The Twilight Saga: Breaking Dawn - Part 2,"$829,746,820"
81,Spider-Man,"$825,025,036"
82,Wonder Woman,"$821,847,012"
83,Independence Day,"$817,400,891"
84,Fantastic Beasts and Where to Find Them,"$814,038,508"
85,Shrek the Third,"$813,367,380"
86,Coco,"$807,082,196"
87,Mission: Impossible - Fallout,"$801,135,806"
88,Harry Potter and the Prisoner of Azkaban,"$796,818,217"
89,Jumanji: The Next Level,"$796,575,993"
90,Pirates of the Caribbean: Dead Men Tell No Tales,"$794,878,815"
91,E.T. the Extra-Terrestrial,"$793,482,178"
92,2012,"$791,217,826"
93,Indiana Jones and the Kingdom of the Crystal Skull,"$790,653,942"
94,Spider-Man 2,"$788,976,453"
95,Fast & Furious 6,"$788,679,850"
96,Deadpool 2,"$785,794,179"
97,Deadpool,"$782,612,155"
98,Star Wars: Episode IV - A New Hope,"$775,521,394"
99,Guardians of the Galaxy,"$772,787,572"
100,The Da Vinci Code,"$760,006,945"
101,Fast & Furious Presents: Hobbs & Shaw,"$759,056,935"
102,Maleficent,"$758,410,378"
103,The Amazing Spider-Man,"$757,930,663"
104,The Hunger Games: Mockingjay - Part 1,"$755,356,711"
105,Shrek Forever After,"$752,600,867"
106,Madagascar 3: Europe's Most Wanted,"$746,921,274"
107,Suicide Squad,"$746,846,894"
108,X-Men: Days of Future Past,"$746,045,700"
109,"The Chronicles of Narnia: The Lion, the Witch and the Wardrobe","$745,013,115"
110,Monsters University,"$743,559,607"
111,The Matrix Reloaded,"$741,847,697"
112,Up,"$735,099,082"
113,Ne Zha,"$726,063,471"
114,The Twilight Saga: New Moon,"$724,256,885"
115,Gravity,"$723,192,705"
116,Captain America: The Winter Soldier,"$714,421,503"
117,The Twilight Saga: Breaking Dawn - Part 1,"$712,205,856"
118,Dawn of the Planet of the Apes,"$710,644,566"
119,Transformers,"$709,709,780"
120,The Amazing Spider-Man 2,"$708,982,323"
121,It,"$701,796,444"
122,The Wandering Earth,"$699,856,699"
123,Interstellar,"$699,618,129"
124,The Twilight Saga: Eclipse,"$698,491,347"
125,Mission: Impossible - Ghost Protocol,"$694,713,380"
126,The Hunger Games,"$694,394,724"
127,Moana,"$690,860,472"
128,Forrest Gump,"$683,095,371"
129,Mission: Impossible - Rogue Nation,"$682,716,636"
130,Doctor Strange,"$677,718,395"
131,The Sixth Sense,"$672,806,292"
132,Man of Steel,"$668,045,518"
133,Ice Age: The Meltdown,"$667,094,506"
134,Kung Fu Panda 2,"$665,692,281"
135,The Hunger Games: Mockingjay - Part 2,"$658,344,137"
136,Justice League,"$657,924,295"
137,Big Hero 6,"$657,857,416"
138,Fantastic Beasts: The Crimes of Grindelwald,"$654,855,901"
139,Pirates of the Caribbean: The Curse of the Black Pearl,"$654,264,015"
140,Star Wars: Episode II - Attack of the Clones,"$653,779,970"
141,Thor: The Dark World,"$644,783,140"
142,Sing,"$634,154,734"
143,"Monsters, Inc.","$632,316,649"
144,Kung Fu Panda,"$631,746,197"
145,The Incredibles,"$631,606,713"
146,The Martian,"$630,161,890"
147,Hancock,"$629,443,428"
148,Fast Five,"$626,137,675"
149,Men in Black 3,"$624,026,776"
150,Iron Man 2,"$623,933,331"
151,Ratatouille,"$623,726,085"
152,Ant-Man and the Wasp,"$622,674,139"
153,How to Train Your Dragon 2,"$621,537,519"
154,Logan,"$619,021,436"
155,The Lost World: Jurassic Park,"$618,638,999"
156,Casino Royale,"$616,501,619"
157,The Passion of the Christ,"$612,054,428"
158,Mamma Mia!,"$609,906,965"
159,Life of Pi,"$609,016,565"
160,Transformers: The Last Knight,"$605,425,157"
161,Madagascar: Escape 2 Africa,"$603,900,354"
162,War of the Worlds,"$603,873,119"
163,Tangled,"$592,461,732"
164,Quantum of Solace,"$589,580,482"
165,Men in Black,"$589,390,539"
166,The Croods,"$587,204,668"
167,The Hangover Part II,"$586,764,305"
168,I Am Legend,"$585,410,052"
169,Iron Man,"$585,366,247"
170,Ready Player One,"$582,893,671"
171,How to Train Your Dragon: The Hidden World,"$581,297,197"
172,Operation Red Sea,"$579,330,426"
173,Night at the Museum,"$574,480,841"
174,Fifty Shades of Grey,"$569,651,467"
175,Kong: Skull Island,"$566,652,812"
176,The Smurfs,"$563,749,323"
177,King Kong,"$562,363,449"
178,Cars 2,"$559,852,396"
179,Puss in Boots,"$554,987,477"
180,The Mermaid,"$553,810,228"
181,Armageddon,"$553,709,788"
182,The Day After Tomorrow,"$552,639,571"
183,Ted,"$549,368,315"
184,Star Wars: Episode V - The Empire Strikes Back,"$548,808,732"
185,American Sniper,"$547,426,372"
186,Mission: Impossible II,"$546,388,108"
187,Detective Chinatown 2,"$544,185,156"
188,X-Men: Apocalypse,"$543,934,105"
189,Sherlock Holmes: A Game of Shadows,"$543,848,418"
190,Despicable Me,"$543,113,985"
191,Cinderella,"$542,351,353"
192,Madagascar,"$542,063,846"
193,World War Z,"$540,007,876"
194,Brave,"$538,983,207"
195,The Simpsons Movie,"$536,414,270"
196,The Revenant,"$532,950,503"
197,The Meg,"$530,259,113"
198,Ralph Breaks the Internet,"$529,323,962"
199,Hotel Transylvania 3: Summer Vacation,"$528,583,774"
200,The Boss Baby,"$527,965,936"
201,Dunkirk,"$527,260,271"
202,Godzilla,"$524,976,069"
203,Sherlock Holmes,"$524,028,679"
204,Meet the Fockers,"$522,657,936"
205,WALL·E,"$521,311,860"
206,Kung Fu Panda 3,"$521,170,825"
207,Terminator 2: Judgment Day,"$520,884,847"
208,Ant-Man,"$519,311,965"
209,Dr. Seuss' the Grinch,"$511,595,957"
210,Ghost,"$505,870,681"
211,Aladdin,"$504,050,219"
212,Rio 2,"$498,781,117"
213,Troy,"$497,409,852"
214,Toy Story 2,"$497,374,776"
215,How to Train Your Dragon,"$494,878,759"
216,Twister,"$494,471,524"
217,Oz The Great and Powerful,"$493,311,825"
218,Clash of the Titans,"$493,214,993"
219,Maleficent: Mistress of Evil,"$491,730,089"
220,War for the Planet of the Apes,"$490,719,763"
221,Shrek,"$487,769,799"
222,Mr. & Mrs. Smith,"$487,287,646"
223,Angels & Demons,"$485,930,816"
224,Teenage Mutant Ninja Turtles,"$485,004,754"
225,Bruce Almighty,"$484,592,874"
226,Rio,"$483,866,518"
227,Saving Private Ryan,"$482,349,603"
228,Rise of the Planet of the Apes,"$481,800,873"
229,Home Alone,"$477,063,114"
230,Star Wars: Episode VI - Return of the Jedi,"$475,347,111"
231,Charlie and the Chocolate Factory,"$474,968,763"
232,Hotel Transylvania 2,"$474,800,000"
233,Indiana Jones and the Last Crusade,"$474,310,887"
234,San Andreas,"$473,990,832"
235,It Chapter Two,"$473,093,228"
236,Jaws,"$471,859,371"
237,Wreck-It Ralph,"$471,222,889"
238,The Hangover,"$469,310,836"
239,The Lego Movie,"$468,060,692"
240,Bumblebee,"$467,989,645"
241,Star Trek Into Darkness,"$467,365,246"
242,The Matrix,"$465,712,364"
243,Pretty Woman,"$463,406,927"
244,Cars,"$461,991,867"
245,Gladiator,"$460,583,960"
246,X-Men: The Last Stand,"$460,435,291"
247,National Treasure: Book of Secrets,"$459,242,249"
248,Lucy,"$458,863,600"
249,Mission: Impossible,"$457,731,198"
250,300,"$456,068,181"
251,The Last Samurai,"$454,627,263"
252,Dying to Survive,"$451,183,391"
253,Ocean's Eleven,"$450,717,150"
254,"My People, My Country","$450,064,993"
255,Thor,"$449,326,618"
256,Pearl Harbor,"$449,220,945"
257,Tarzan,"$448,191,819"
258,La La Land,"$446,486,224"
259,The Greatest Showman,"$446,355,750"
260,Men in Black II,"$445,135,288"
261,The Bourne Ultimatum,"$444,100,035"
262,The Mummy Returns,"$443,280,904"
263,Alvin and the Chipmunks: The Squeakquel,"$443,140,005"
264,Les Misérables,"$441,809,770"
265,The Exorcist,"$441,306,145"
266,Mrs. Doubtfire,"$441,286,195"
267,Terminator Genisys,"$440,603,537"
268,Beauty and the Beast,"$440,118,382"
269,Warcraft,"$439,048,914"
270,Mamma Mia! Here We Go Again,"$436,407,847"
271,A Star Is Born,"$436,188,866"
272,Terminator 3: Rise of the Machines,"$433,371,112"
273,Pokémon Detective Pikachu,"$433,005,346"
274,Die Another Day,"$431,971,116"
275,The Secret Life of Pets 2,"$430,051,293"
276,Cast Away,"$429,632,142"
277,Rampage,"$428,028,233"
278,The King's Speech,"$427,374,317"
279,The Matrix Revolutions,"$427,344,064"
280,The Intouchables,"$426,588,510"
281,Django Unchained,"$425,368,238"
282,Dances with Wolves,"$424,208,848"
283,Twilight,"$421,667,219"
284,The Chronicles of Narnia: Prince Caspian,"$419,665,568"
285,Bad Boys for Life,"$419,074,646"
286,Sex and the City,"$418,765,321"
287,The Captain,"$416,953,262"
288,The Mummy,"$415,933,406"
289,The Chronicles of Narnia: The Voyage of the Dawn Treader,"$415,686,217"
290,Jason Bourne,"$415,484,914"
291,The Wolverine,"$414,828,246"
292,Kingsman: The Secret Service,"$414,351,546"
293,Night at the Museum: Battle of the Smithsonian,"$413,106,170"
294,Batman,"$411,556,825"
295,The Bodyguard,"$411,006,740"
296,Pacific Rim,"$411,002,906"
297,Kingsman: The Golden Circle,"$410,902,662"
298,The Mummy,"$409,231,607"
299,Ice Age: Collision Course,"$408,579,038"
300,Signs,"$408,247,917"
301,X2: X-Men United,"$407,711,549"
302,Alita: Battle Angel,"$404,852,543"
303,Toy Story,"$404,265,438"
304,The Mummy: Tomb of the Dragon Emperor,"$403,449,830"
305,Prometheus,"$403,354,469"
306,Gone with the Wind,"$402,352,579"
307,TRON: Legacy,"$400,062,763"
308,Mission: Impossible III,"$398,479,497"
309,Grease,"$397,217,505"
310,Snow White and the Huntsman,"$396,592,829"
311,Solo: A Star Wars Story,"$392,924,807"
312,The Wolf of Wall Street,"$392,000,694"
313,Superman Returns,"$391,081,192"
314,Robin Hood: Prince of Thieves,"$390,493,908"
315,Raiders of the Lost Ark,"$390,133,212"
316,Independence Day: Resurgence,"$389,681,935"
317,Back to the Future,"$388,612,911"
318,Live Free or Die Hard,"$388,156,011"
319,Monster Hunt,"$387,053,506"
320,Godzilla: King of the Monsters,"$386,600,138"
321,Home,"$386,041,607"
322,Star Trek,"$385,680,446"
323,Happy Feet,"$384,335,608"
324,Cars 3,"$383,930,656"
325,Ice Age,"$383,257,136"
326,Fifty Shades Darker,"$381,545,846"
327,Monsters vs. Aliens,"$381,509,870"
328,1917,"$380,867,058"
329,Batman Begins,"$379,714,510"
330,Godzilla,"$379,014,294"
331,True Lies,"$378,882,411"
332,Slumdog Millionaire,"$378,410,113"
333,Taken 2,"$376,141,306"
334,G.I. Joe: Retaliation,"$375,740,705"
335,Spider-Man: Into the Spider-Verse,"$375,540,831"
336,Mad Max: Fury Road,"$375,212,975"
337,Shark Tale,"$374,583,879"
338,Once Upon a Time... In Hollywood,"$374,343,626"
339,What Women Want,"$374,111,707"
340,The Adventures of Tintin,"$373,993,951"
341,Penguins of Madagascar,"$373,515,621"
342,X-Men Origins: Wolverine,"$373,062,864"
343,The Golden Compass,"$372,234,864"
344,Fifty Shades Freed,"$371,985,018"
345,Hitch,"$371,594,210"
346,Terminator Salvation,"$371,353,001"
347,Captain America: The First Avenger,"$370,569,774"
348,Edge of Tomorrow,"$370,541,256"
349,There's Something About Mary,"$369,884,651"
350,Gone Girl,"$369,330,363"
351,The Fugitive,"$368,875,760"
352,Jurassic Park III,"$368,780,809"
353,My Big Fat Greek Wedding,"$368,744,044"
354,Die Hard with a Vengeance,"$366,236,538"
355,Shazam!,"$365,971,656"
356,The Nun,"$365,550,119"
357,Alvin and the Chipmunks,"$365,352,546"
358,Home Alone 2: Lost in New York,"$365,154,932"
359,Notting Hill,"$363,944,522"
360,A Bug's Life,"$363,258,859"
361,Night at the Museum: Secret of the Tomb,"$363,204,635"
362,Ocean's Twelve,"$362,744,280"
363,Planet of the Apes,"$362,211,740"
364,The Hangover Part III,"$362,000,072"
365,The World Is Not Enough,"$361,832,400"
366,Monster Hunt 2,"$361,682,618"
367,Fast & Furious,"$360,364,265"
368,Noah,"$359,200,044"
369,The Karate Kid,"$359,126,022"
370,Hotel Transylvania,"$358,375,603"
371,Minority Report,"$358,372,926"
372,Your Name.,"$357,986,087"
373,Top Gun,"$356,830,601"
374,The Legend of Tarzan,"$356,700,357"
375,American Beauty,"$356,296,601"
376,Spirited Away,"$355,467,056"
377,Apollo 13,"$355,237,933"
378,Rain Man,"$354,825,435"
379,The Great Gatsby,"$353,641,895"
380,Dumbo,"$353,284,621"
381,"I, Robot","$353,133,898"
382,Basic Instinct,"$352,927,224"
383,Murder on the Orient Express,"$352,789,811"
384,X-Men: First Class,"$352,616,690"
385,The Angry Birds Movie,"$352,333,929"
386,GoldenEye,"$352,194,034"
387,Catch Me If You Can,"$352,114,312"
388,Now You See Me,"$351,723,989"
389,Hannibal,"$351,692,268"
390,The Mask,"$351,583,407"
391,Peter Rabbit,"$351,266,433"
392,Speed,"$350,448,145"
393,Dinosaur,"$349,822,765"
394,Mary Poppins Returns,"$349,545,966"
395,Deep Impact,"$349,464,664"
396,The Lorax,"$348,840,316"
397,The Maze Runner,"$348,319,861"
398,The Smurfs 2,"$347,545,360"
399,National Treasure,"$347,512,318"
400,Rush Hour 2,"$347,325,802"
401,Trolls,"$346,864,462"
402,xXx: Return of Xander Cage,"$346,118,277"
403,Pocahontas,"$346,079,773"
404,How the Grinch Stole Christmas,"$345,141,403"
405,Star Trek Beyond,"$343,471,816"
406,Alvin and the Chipmunks: Chipwrecked,"$342,695,435"
407,Wanted,"$342,463,063"
408,The Flintstones,"$341,631,208"
409,A Quiet Place,"$340,949,169"
410,Enchanted,"$340,487,652"
411,Over the Hedge,"$339,795,890"
412,300: Rise of an Empire,"$337,580,051"
413,Batman Forever,"$336,567,531"
414,Prince of Persia: The Sands of Time,"$336,365,676"
415,Back to the Future Part II,"$335,973,020"
416,The Curious Case of Benjamin Button,"$335,802,786"
417,Journey 2: The Mysterious Island,"$335,260,290"
418,The Rock,"$335,062,621"
419,The Great Wall,"$334,933,831"
420,Now You See Me 2,"$334,897,606"
421,Fantastic Four,"$333,535,934"
422,Indiana Jones and the Temple of Doom,"$333,107,271"
423,Tomorrow Never Dies,"$333,011,068"
424,The Good Dinosaur,"$332,207,671"
425,22 Jump Street,"$331,333,876"
426,Meet the Parents,"$330,444,045"
427,Who Framed Roger Rabbit,"$329,803,958"
428,Black Swan,"$329,398,046"
429,The Perfect Storm,"$328,718,434"
430,Crocodile Dundee,"$328,203,506"
431,Se7en,"$327,333,559"
432,John Wick: Chapter 3 - Parabellum,"$326,709,727"
433,The Devil Wears Prada,"$326,705,902"
434,Taken 3,"$326,479,141"
435,The Hunchback of Notre Dame,"$325,338,851"
436,A Christmas Carol,"$325,286,646"
437,The SpongeBob Movie: Sponge Out of Water,"$325,186,032"
438,Schindler's List,"$322,287,794"
439,Megamind,"$321,885,765"
440,Green Book,"$321,752,656"
441,Lethal Weapon 3,"$321,731,527"
442,The Ugly Truth,"$321,682,600"
443,Robin Hood,"$321,669,741"
444,Inglourious Basterds,"$321,455,689"
445,101 Dalmatians,"$320,689,294"
446,The Conjuring 2,"$320,392,818"
447,Fatal Attraction,"$320,145,693"
448,The Last Airbender,"$319,713,881"
449,The Conjuring,"$319,501,756"
450,The Proposal,"$317,375,031"
451,A Beautiful Mind,"$316,791,257"
452,Beverly Hills Cop,"$316,360,478"
453,Air Force One,"$315,156,409"
454,The Expendables 2,"$314,975,955"
455,Chicken Little,"$314,432,837"
456,As Good as It Gets,"$314,178,011"
457,The Polar Express,"$313,500,433"
458,Maze Runner: The Scorch Trials,"$312,296,056"
459,Resident Evil: The Final Chapter,"$312,242,626"
460,Austin Powers: The Spy Who Shagged Me,"$312,016,928"
461,The Lego Batman Movie,"$311,950,384"
462,Ocean's Thirteen,"$311,312,624"
463,Little Fockers,"$310,650,585"
464,Bolt,"$309,979,994"
465,Ransom,"$309,492,681"
466,Runaway Bride,"$309,460,292"
467,Knives Out,"$309,232,797"
468,The Blind Side,"$309,208,309"
469,The Ex-File 3: The Return of The Exes,"$307,592,427"
470,The Fault in Our Stars,"$307,166,834"
471,The Pursuit of Happyness,"$307,127,625"
472,Rise of the Guardians,"$306,941,670"
473,Close Encounters of the Third Kind,"$306,899,494"
474,Skyscraper,"$306,880,955"
475,Chicago,"$306,776,732"
476,Sonic the Hedgehog,"$306,766,470"
477,Annabelle: Creation,"$306,515,884"
478,Wonder,"$305,937,718"
479,A Good Day to Die Hard,"$304,654,182"
480,Mulan,"$304,320,254"
481,Dangal,"$303,723,636"
482,Passengers,"$303,144,152"
483,Battleship,"$303,025,485"
484,Liar Liar,"$302,710,615"
485,G.I. Joe: The Rise of Cobra,"$302,469,017"
486,Wrath of the Titans,"$301,970,083"
487,Fantastic 4: Rise of the Silver Surfer,"$301,913,131"
488,Hook,"$300,854,823"
489,Rocky IV,"$300,473,716"
490,Superman,"$300,451,667"
491,Rambo: First Blood Part II,"$300,400,432"
492,Resident Evil: Afterlife,"$300,228,084"
493,Van Helsing,"$300,157,638"
494,Stuart Little,"$300,135,367"
495,Beverly Hills Cop II,"$299,965,036"
496,Alice Through the Looking Glass,"$299,457,024"
497,My Best Friend's Wedding,"$299,288,605"
498,Real Steel,"$299,268,508"
499,Horton Hears a Who!,"$298,572,799"
500,Ocean's 8,"$297,718,711"
501,The Divergent Series: Insurgent,"$297,002,527"
502,Look Who's Talking,"$296,999,813"
503,Austin Powers in Goldmember,"$296,938,801"
504,Miss Peregrine's Home for Peculiar Children,"$296,482,446"
505,X-Men,"$296,339,528"
506,Ghostbusters,"$296,320,473"
507,Ferdinand,"$296,069,199"
508,Shutter Island,"$294,804,195"
509,Doctor Dolittle,"$294,456,605"
510,Bee Movie,"$293,514,336"
511,Salt,"$293,503,354"
512,G-Force,"$292,817,841"
513,The Departed,"$291,465,034"
514,What Lies Beneath,"$291,420,351"
515,Pacific Rim: Uprising,"$290,930,148"
516,The Bourne Supremacy,"$290,835,269"
517,Sex and the City 2,"$290,745,055"
518,Shakespeare in Love,"$289,317,794"
519,Divergent,"$288,885,818"
520,Coming to America,"$288,752,301"
521,Wedding Crashers,"$288,467,645"
522,Bridesmaids,"$288,383,523"
523,Maze Runner: The Death Cure,"$288,175,335"
524,Casper,"$287,928,194"
525,American Pie 2,"$287,553,595"
526,Pitch Perfect 2,"$287,144,079"
527,The Green Mile,"$286,801,374"
528,Oblivion,"$286,168,572"
529,Elysium,"$286,140,700"
530,Lethal Weapon 4,"$285,444,603"
531,John Carter,"$284,139,100"
532,Turbo,"$282,570,682"
533,Paddington,"$282,374,179"
534,Bridget Jones's Diary,"$281,929,795"
535,The Tourist,"$278,780,441"
536,Split,"$278,454,358"
537,Scary Movie,"$278,019,771"
538,xXx,"$277,448,382"
539,The Bourne Legacy,"$276,144,750"
540,Mr. Peabody & Sherman,"$275,698,039"
541,Scooby-Doo,"$275,650,703"
542,Lincoln,"$275,293,450"
543,Lara Croft: Tomb Raider,"$274,703,340"
544,Tomb Raider,"$274,650,803"
545,The Expendables,"$274,470,394"
546,Cloudy With a Chance of Meatballs 2,"$274,325,949"
547,The Little Mermaid,"$274,190,855"
548,The Nutty Professor,"$273,961,019"
549,Jerry Maguire,"$273,552,592"
550,Bad Boys II,"$273,339,556"
551,Lilo & Stitch,"$273,144,151"
552,The Silence of the Lambs,"$272,753,884"
553,Get Out,"$272,495,873"
554,Grown Ups,"$271,430,189"
555,Neighbors,"$270,665,134"
556,The Firm,"$270,248,367"
557,We're the Millers,"$269,994,119"
558,Gran Torino,"$269,958,228"
559,"10,000 BC","$269,784,201"
560,American Gangster,"$269,755,430"
561,Epic,"$268,426,634"
562,Exodus: Gods and Kings,"$268,175,631"
563,Bambi,"$267,447,150"
564,The Princess and the Frog,"$267,045,765"
565,Batman Returns,"$266,903,053"
566,Indecent Proposal,"$266,614,059"
567,Something's Gotta Give,"$265,328,738"
568,Bridget Jones: The Edge of Reason,"$265,126,918"
569,The Incredible Hulk,"$264,770,996"
570,Parasite,"$264,475,049"
571,Waterworld,"$264,218,220"
572,The Truman Show,"$264,118,201"
573,Charlie's Angels,"$264,105,545"
574,The Fifth Element,"$264,029,966"
575,Jumanji,"$262,821,940"
576,Borat: Cultural Learnings of America for Make Benefit Glorious Nation of Kazakhstan,"$262,552,893"
577,Robots,"$262,511,490"
578,Knight and Day,"$261,989,769"
579,Total Recall,"$261,317,921"
580,This Is It,"$261,183,588"
581,Terminator: Dark Fate,"$261,119,292"
582,The Lone Ranger,"$260,502,115"
583,Super 8,"$260,095,986"
584,Mojin: The Lost Legend,"$259,368,448"
585,Blade Runner 2049,"$259,239,658"
586,Charlie's Angels: Full Throttle,"$259,175,788"
587,Rush Hour 3,"$258,097,122"
588,The Full Monty,"$257,938,649"
589,Kung Fu Yoga,"$257,743,016"
590,Annabelle,"$257,047,661"
591,The Village,"$256,697,520"
592,Lost in Hong Kong,"$256,283,912"
593,Erin Brockovich,"$256,271,286"
594,Marley & Me,"$255,743,093"
595,Halloween,"$255,485,178"
596,Us,"$255,184,580"
597,Cliffhanger,"$255,000,211"
598,Baahubali 2: The Conclusion,"$254,158,390"
599,Babe,"$254,134,910"
600,Men in Black: International,"$253,890,701"
601,Wild Hogs,"$253,625,427"
602,High School Musical 3,"$252,909,177"
603,Hercules,"$252,712,101"
604,X-Men: Dark Phoenix,"$252,442,974"
605,True Grit,"$252,276,927"
606,Bean,"$251,212,670"
607,American Hustle,"$251,171,807"
608,Enemy of the State,"$250,849,789"
609,You've Got Mail,"$250,821,495"
610,Eragon,"$250,425,512"
611,Brother Bear,"$250,397,798"
612,The Mask of Zorro,"$250,288,523"
613,The Ring,"$249,348,933"
614,The Blair Witch Project,"$248,639,099"
615,Unbreakable,"$248,118,121"
616,Journey to the West: The Demons Strike Back,"$247,585,244"
617,Dumb and Dumber,"$247,275,374"
618,Glass,"$246,999,039"
619,Grown Ups 2,"$246,984,278"
620,The Peanuts Movie,"$246,233,113"
621,Back to the Future Part III,"$246,145,853"
622,The Godfather,"$246,120,974"
623,Rango,"$245,724,603"
624,Four Weddings and a Funeral,"$245,700,832"
625,Face/Off,"$245,676,146"
626,Teenage Mutant Ninja Turtles: Out of the Shadows,"$245,623,848"
627,Dark Shadows,"$245,527,149"
628,Hulk,"$245,285,165"
629,The Bravest,"$245,179,562"
630,Love Actually,"$244,931,766"
631,Pixels,"$244,874,809"
632,Hercules,"$244,819,862"
633,Rush Hour,"$244,721,064"
634,Journey to the Center of the Earth,"$244,232,688"
635,After Earth,"$243,611,982"
636,Dolittle,"$243,321,264"
637,A Few Good Men,"$243,240,178"
638,Cloudy with a Chance of Meatballs,"$243,006,126"
639,8 Mile,"$242,875,078"
640,Daddy's Home,"$242,786,137"
641,RoboCop,"$242,688,965"
642,Eraser,"$242,295,562"
643,Alien: Covenant,"$240,891,763"
644,Sully,"$240,797,623"
645,Assassin's Creed,"$240,697,856"
646,Click,"$240,685,326"
647,Die Hard 2,"$240,247,433"
648,Resident Evil: Retribution,"$240,159,255"
649,Crocodile Dundee II,"$239,606,210"
650,Planes,"$239,258,712"
651,Crazy Rich Asians,"$238,538,736"
652,Batman & Robin,"$238,235,915"
653,Gulliver's Travels,"$237,382,724"
654,Gone in 60 Seconds,"$237,202,299"
655,Saturday Night Fever,"$237,113,184"
656,Silver Linings Playbook,"$236,412,453"
657,2 Fast 2 Furious,"$236,350,661"
658,Howl's Moving Castle,"$236,212,992"
659,Hidden Figures,"$235,956,898"
660,A.I. Artificial Intelligence,"$235,926,552"
661,Dead Poets Society,"$235,860,116"
662,Spy,"$235,666,219"
663,American Pie,"$235,483,004"
664,American Reunion,"$234,989,584"
665,Big Daddy,"$234,801,895"
666,Alvin and the Chipmunks: The Road Chip,"$234,798,636"
667,The Imitation Game,"$233,555,708"
668,The Day the Earth Stood Still,"$233,093,859"
669,American Wedding,"$232,722,935"
670,The Girl with the Dragon Tattoo,"$232,617,430"
671,Juno,"$232,372,681"
672,Argo,"$232,325,503"
673,Mr. Bean's Holiday,"$232,225,908"
674,The English Patient,"$231,976,425"
675,Sister Act,"$231,605,150"
676,Annabelle Comes Home,"$231,252,591"
677,Constantine,"$230,884,728"
678,Get Smart,"$230,685,453"
679,Space Jam,"$230,418,342"
680,Life Is Beautiful,"$230,098,753"
681,The Heat,"$229,930,771"
682,Ghostbusters,"$229,147,509"
683,Ghost Rider,"$228,738,393"
684,Goodbye Mr. Loser,"$228,122,928"
685,Paddington 2,"$227,978,645"
686,Sleepless in Seattle,"$227,927,165"
687,Lethal Weapon 2,"$227,853,986"
688,The Green Hornet,"$227,817,248"
689,Out of Africa,"$227,542,205"
690,Youth,"$227,091,290"
691,Baby Driver,"$226,945,087"
692,Immortals,"$226,904,017"
693,Taken,"$226,837,760"
694,Percy Jackson & the Olympians: The Lightning Thief,"$226,497,209"
695,Hansel & Gretel: Witch Hunters,"$226,349,749"
696,Good Will Hunting,"$225,933,435"
697,Valerian and the City of a Thousand Planets,"$225,874,228"
698,Better Days,"$225,744,502"
699,Ford v Ferrari,"$225,508,210"
700,Jumper,"$225,132,113"
701,The Social Network,"$224,920,315"
702,Chicken Run,"$224,834,564"
703,Con Air,"$224,012,234"
704,Interview with the Vampire: The Vampire Chronicles,"$223,664,608"
705,Flightplan,"$223,387,299"
706,Yes Man,"$223,241,637"
707,Pulp Fiction,"$222,831,817"
708,Non-Stop,"$222,809,600"
709,"Honey, I Shrunk the Kids","$222,724,172"
710,Fahrenheit 9/11,"$222,446,882"
711,Wild Wild West,"$222,104,681"
712,Elf,"$221,671,773"
713,Geostorm,"$221,600,160"
714,Presumed Innocent,"$221,303,188"
715,Collateral,"$220,926,695"
716,Scary Movie 3,"$220,673,217"
717,Inferno,"$220,021,259"
718,Knocked Up,"$219,922,417"
719,Green Lantern,"$219,851,172"
720,What Happens in Vegas,"$219,375,562"
721,It's Complicated,"$219,103,655"
722,The Terminal,"$219,100,084"
723,Captain Phillips,"$218,791,811"
724,The Prince of Egypt,"$218,613,188"
725,Jack Reacher,"$218,340,595"
726,Kingdom of Heaven,"$218,122,627"
727,Dirty Dancing,"$217,808,118"
728,The Emoji Movie,"$217,776,646"
729,Dracula Untold,"$217,124,280"
730,Central Intelligence,"$216,972,543"
731,Million Dollar Baby,"$216,763,646"
732,The Help,"$216,639,112"
733,Twins,"$216,614,388"
734,Valentine's Day,"$216,485,654"
735,Bad Teacher,"$216,197,492"
736,One Hundred and One Dalmatians,"$216,026,182"
737,Clear and Present Danger,"$215,887,717"
738,Ted 2,"$215,863,606"
739,Bram Stoker's Dracula,"$215,862,692"
740,Vertical Limit,"$215,663,859"
741,Ghostbusters II,"$215,394,738"
742,The Patriot,"$215,294,342"
743,The Sorcerer's Apprentice,"$215,283,742"
744,Just Go with It,"$214,945,591"
745,The Expendables 3,"$214,657,577"
746,The Fast and the Furious,"$214,463,726"
747,Creed II,"$214,215,889"
748,Public Enemies,"$214,104,620"
749,Smallfoot,"$214,040,103"
750,The Bourne Identity,"$214,034,224"
751,Disclosure,"$214,015,089"
752,The Aviator,"$213,719,942"
753,"Crouching Tiger, Hidden Dragon","$213,525,736"
754,Braveheart,"$213,216,216"
755,Into the Woods,"$212,902,372"
756,Bedtime Stories,"$212,874,864"
757,Miss Congeniality,"$212,742,720"
758,Entrapment,"$212,404,396"
759,Ace Ventura: When Nature Calls,"$212,385,533"
760,End of Days,"$211,989,043"
761,Bridget Jones's Baby,"$211,952,420"
762,Battle Los Angeles,"$211,819,354"
763,Fury,"$211,817,906"
764,Australia,"$211,787,511"
765,Due Date,"$211,780,824"
766,Master and Commander: The Far Side of the World,"$211,622,535"
767,Lemony Snicket's A Series of Unfortunate Events,"$211,468,235"
768,District 9,"$210,888,950"
769,The Jungle Book,"$210,310,084"
770,Moonraker,"$210,308,099"
771,The Others,"$209,947,037"
772,Horrible Bosses,"$209,838,559"
773,Red Dragon,"$209,196,298"
774,Little Women,"$209,101,214"
775,Tomorrowland,"$209,035,668"
776,Me Before You,"$208,314,186"
777,Safe House,"$208,076,205"
778,S.W.A.T.,"$207,725,639"
779,Traffic,"$207,515,725"
780,Paranormal Activity 3,"$207,039,844"
781,Philadelphia,"$206,678,440"
782,Sleepy Hollow,"$206,071,502"
783,The Holiday,"$205,841,885"
784,London Has Fallen,"$205,754,447"
785,A Dog's Purpose,"$205,736,628"
786,The Break-Up,"$205,668,210"
787,Journey to the West,"$205,637,183"
788,JFK,"$205,405,498"
789,White House Down,"$205,366,737"
790,Fun with Dick and Jane,"$204,681,899"
791,Eat Pray Love,"$204,594,016"
792,You Don't Mess with the Zohan,"$204,313,400"
793,King Arthur,"$203,567,857"
794,Hairspray,"$203,552,922"
795,Yogi Bear,"$203,509,374"
796,Everest,"$203,427,584"
797,Vanilla Sky,"$203,388,341"
798,Arrival,"$203,388,186"
799,Need for Speed,"$203,277,636"
800,Ponyo,"$203,204,882"
801,Garfield,"$203,172,417"
802,The Addams Family,"$203,044,905"
803,Patch Adams,"$202,292,902"
804,Teenage Mutant Ninja Turtles,"$201,965,915"
805,Kindergarten Cop,"$201,957,688"
806,Harley Quinn: Birds of Prey,"$201,858,461"
807,Straight Outta Compton,"$201,634,991"
808,21 Jump Street,"$201,585,328"
809,Valkyrie,"$201,545,517"
810,Open Season,"$200,811,689"
811,Cats & Dogs,"$200,687,492"
812,The Hunt for Red October,"$200,512,643"
813,Percy Jackson: Sea of Monsters,"$199,850,315"
814,Two Weeks Notice,"$199,043,242"
815,RED,"$199,006,387"
816,City of Angels,"$198,685,114"
817,The Pacifier,"$198,636,868"
818,50 First Dates,"$198,520,934"
819,Total Recall,"$198,467,168"
820,The Island,"$198,326,350"
821,The Impossible,"$198,087,212"
822,Lost in Thailand,"$197,757,387"
823,Christopher Robin,"$197,744,377"
824,Jack the Giant Slayer,"$197,687,603"
825,Smurfs: The Lost Village,"$197,183,546"
826,Spy Kids 3-D: Game Over,"$197,101,678"
827,Panic Room,"$197,079,546"
828,The Other Woman,"$196,710,396"
829,Stargate,"$196,567,262"
830,Beowulf,"$196,393,745"
831,The Vow,"$196,114,570"
832,Anger Management,"$195,745,823"
833,Tropic Thunder,"$195,702,811"
834,The Shape of Water,"$195,333,312"
835,The Pelican Brief,"$195,268,056"
836,The BFG,"$195,243,411"
837,Rocketman,"$195,179,299"
838,The Intern,"$194,564,672"
839,Downton Abbey,"$194,273,763"
840,Wallace & Gromit: The Curse of the Were-Rabbit,"$194,111,171"
841,Gnomeo & Juliet,"$193,967,670"
842,The Sum of All Fears,"$193,921,372"
843,Gangs of New York,"$193,772,504"
844,The Monkey King 2,"$193,678,298"
845,Paranormal Activity,"$193,355,800"
846,Weathering with You,"$193,176,979"
847,The Post,"$192,938,646"
848,The Equalizer,"$192,330,738"
849,The LEGO Movie 2: The Second Part,"$192,306,508"
850,The Addams Family,"$191,502,426"
851,The Longest Yard,"$191,466,556"
852,Cheaper by the Dozen,"$190,538,630"
853,The Equalizer 2,"$190,400,157"
854,Hollow Man,"$190,213,455"
855,Outbreak,"$189,859,560"
856,The Santa Clause,"$189,833,357"
857,The White Storm 2: Drug Lords,"$189,396,380"
858,The X Files,"$189,176,423"
859,Breakup Buddies,"$189,017,596"
860,Rambo III,"$189,015,611"
861,The Secret Life of Walter Mitty,"$188,133,322"
862,Jaws 2,"$187,884,007"
863,12 Years a Slave,"$187,733,202"
864,Heat,"$187,436,818"
865,Mr. Popper's Penguins,"$187,361,754"
866,The Grudge,"$187,281,115"
867,I Now Pronounce You Chuck & Larry,"$187,134,117"
868,The Horse Whisperer,"$186,883,563"
869,Walk the Line,"$186,797,986"
870,The Jungle Book 2,"$186,303,759"
871,The Final Destination,"$186,167,139"
872,Atlantis: The Lost Empire,"$186,053,725"
873,Inside Man,"$186,003,591"
874,The Waterboy,"$185,991,646"
875,Hugo,"$185,770,160"
876,Pitch Perfect 3,"$185,400,345"
877,Watchmen,"$185,382,813"
878,The Birdcage,"$185,260,553"
879,Moulin Rouge!,"$184,935,030"
880,Snow White and the Seven Dwarfs,"$184,925,486"
881,Hop,"$183,953,723"
882,Bad Moms,"$183,936,074"
883,Jupiter Ascending,"$183,887,723"
884,Knowing,"$183,658,498"
885,102 Dalmatians,"$183,611,771"
886,Storks,"$183,388,953"
887,Paul Blart: Mall Cop,"$183,348,429"
888,Wayne's World,"$183,097,323"
889,Maverick,"$183,031,272"
890,Mirror Mirror,"$183,018,522"
891,The Man in the Iron Mask,"$182,968,902"
892,Cape Fear,"$182,291,969"
893,The Haunted Mansion,"$182,290,266"
894,While You Were Sleeping,"$182,057,016"
895,The Bridges of Madison County,"$182,016,617"
896,Abominable,"$181,705,838"
897,Poseidon,"$181,674,817"
898,The First Wives Club,"$181,489,203"
899,Scooby-Doo 2: Monsters Unleashed,"$181,216,833"
900,Hot Shots!,"$181,096,164"
901,Road to Perdition,"$181,001,478"
902,Kill Bill: Vol. 1,"$180,899,045"
903,The Scorpion King,"$180,630,907"
904,Sweet Home Alabama,"$180,622,424"
905,Daddy's Home 2,"$180,613,180"
906,Deja Vu,"$180,557,550"
907,Hacksaw Ridge,"$180,450,918"
908,Dangerous Minds,"$179,519,401"
909,The Dictator,"$179,379,533"
910,The League of Extraordinary Gentlemen,"$179,265,204"
911,Allegiant,"$179,246,868"
912,Daredevil,"$179,179,718"
913,City Slickers,"$179,033,791"
914,He's Just Not That Into You,"$178,866,158"
915,Eagle Eye,"$178,767,383"
916,Along Came Polly,"$178,311,729"
917,Flushed Away,"$178,281,554"
918,Scary Movie 4,"$178,262,620"
919,Dante's Peak,"$178,127,760"
920,Brokeback Mountain,"$178,062,759"
921,Patriot Games,"$178,051,587"
922,Flubber,"$177,977,226"
923,Baywatch,"$177,856,751"
924,Double Jeopardy,"$177,841,558"
925,War Horse,"$177,584,879"
926,Paranormal Activity 2,"$177,512,032"
927,How to Lose a Guy in 10 Days,"$177,502,387"
928,Alien vs. Predator,"$177,427,090"
929,Hero,"$177,395,557"
930,The 40-Year-Old Virgin,"$177,378,645"
931,Lee Daniels' The Butler,"$177,313,795"
932,The Haunting,"$177,311,151"
933,The Descendants,"$177,243,185"
934,The A-Team,"$177,238,796"
935,Tootsie,"$177,200,000"
936,In the Line of Fire,"$176,997,168"
937,Analyze This,"$176,885,658"
938,The Hitman's Bodyguard,"$176,596,851"
939,Looper,"$176,506,819"
940,Ip Man 4: The Finale,"$176,405,343"
941,Dr. Dolittle 2,"$176,104,344"
942,The Italian Job,"$176,070,171"
943,The Bucket List,"$175,372,502"
944,Sleeping with the Enemy,"$174,999,005"
945,Cowboys & Aliens,"$174,822,325"
946,The Mule,"$174,804,407"
947,George of the Jungle,"$174,463,257"
948,Evan Almighty,"$174,440,724"
949,Identity Thief,"$173,965,010"
950,The Nutcracker and the Four Realms,"$173,961,069"
951,Big Momma's House,"$173,959,438"
952,In Time,"$173,930,596"
953,Amélie,"$173,924,742"
954,Operation Mekong,"$173,839,072"
955,Anchorman 2: The Legend Continues,"$173,649,931"
956,Creed,"$173,567,581"
957,Gemini Man,"$173,469,516"
958,The Girl on the Train,"$173,185,859"
959,Scream,"$173,046,663"
960,Cold Mountain,"$173,013,509"
961,Black Hawk Down,"$172,989,651"
962,The Grand Budapest Hotel,"$172,940,046"
963,The Santa Clause 2,"$172,855,065"
964,Cloverfield,"$172,394,180"
965,Scream 2,"$172,363,301"
966,Couples Retreat,"$171,844,840"
967,Antz,"$171,757,863"
968,Blood Diamond,"$171,720,398"
969,Jackass 3D,"$171,685,792"
970,No Country for Old Men,"$171,627,166"
971,Spies in Disguise,"$171,616,764"
972,John Wick: Chapter 2,"$171,539,887"
973,Cocktail,"$171,504,781"
974,Mr. Deeds,"$171,269,535"
975,Contact,"$171,120,329"
976,Superbad,"$170,812,526"
977,The Other Guys,"$170,458,922"
978,The Specialist,"$170,362,582"
979,Olympus Has Fallen,"$170,270,201"
980,Starsky & Hutch,"$170,268,750"
981,Shall We Dance,"$170,128,460"
982,Stuart Little 2,"$169,956,806"
983,Zookeeper,"$169,852,759"
984,Dumb and Dumber To,"$169,837,010"
985,Ghost in the Shell,"$169,801,921"
986,Princess Mononoke,"$169,785,629"
987,Seven Pounds,"$169,748,929"
988,Meet the Robinsons,"$169,333,034"
989,The Emperor's New Groove,"$169,327,687"
990,12 Monkeys,"$168,839,459"
991,Dodgeball,"$168,423,227"
992,Hellboy II: The Golden Army,"$168,319,243"
993,Insidious: The Last Key,"$167,885,588"
994,Fantastic Four,"$167,882,881"
995,Unstoppable,"$167,805,466"
996,Three Men and a Baby,"$167,780,960"
997,Magic Mike,"$167,739,368"
998,Alexander,"$167,298,192"
999,Up in the Air,"$166,842,739"
